city,lat,lon,timestamp,pm2_5,pm10,no2,co,so2,o3,temp,humidity,wind,wind_dir,dist_road,dist_industry,dist_dump,dist_farm
Delhi,28.6139,77.209,2026-03-19 11:11:16.196303,96.58,109.29,11.14,546.42,11.26,99.64,24.07,57,2.06,160,32.94,2819.91,2069.19,3000.0
Mumbai,19.076,72.8777,2026-03-19 11:11:17.987910,33.64,90.27,0.46,136.71,2.71,82.51,29.0,58,3.6,270,18.56,142.87,3000.0,1921.7
Pune,18.5204,73.8567,2026-03-19 11:11:19.496777,36.8,69.05,1.3,174.85,6.11,103.51,32.86,25,0.89,231,15.49,1425.74,581.3,2048.67
Nagpur,21.1458,79.0882,2026-03-19 11:11:21.701542,28.37,31.65,2.67,280.06,5.5,107.33,30.0,30,2.57,180,3.1,628.44,3000.0,522.66
Bangalore,12.9716,77.5946,2026-03-19 11:11:22.914017,59.84,66.85,4.17,477.42,5.13,168.67,27.62,50,4.12,240,20.9,366.34,832.89,3479.27
Delhi,28.6139,77.209,2026-03-19 11:11:51.804973,96.58,109.29,11.14,546.42,11.26,99.64,24.07,57,2.06,160,32.94,2819.91,2069.19,3000.0
Mumbai,19.076,72.8777,2026-03-19 11:11:53.648725,33.64,90.27,0.46,136.71,2.71,82.51,29.0,58,3.6,270,18.56,142.87,3000.0,1921.7
Pune,18.5204,73.8567,2026-03-19 11:11:55.315884,36.8,69.05,1.3,174.85,6.11,103.51,32.86,25,0.89,231,15.49,1425.74,581.3,2048.67
Nagpur,21.1458,79.0882,2026-03-19 11:11:57.349526,28.37,31.65,2.67,280.06,5.5,107.33,30.0,30,2.57,180,3.1,628.44,3000.0,522.66
Bangalore,12.9716,77.5946,2026-03-19 11:11:58.762348,59.84,66.85,4.17,477.42,5.13,168.67,27.62,50,4.12,240,20.9,366.34,832.89,3479.27
Delhi,28.6139,77.209,2026-03-19 11:24:48.462293,96.58,109.29,11.14,546.42,11.26,99.64,25.07,53,1.54,220,32.94,2819.91,2069.19,3000.0
Mumbai,19.076,72.8777,2026-03-19 11:24:53.534295,33.64,90.27,0.46,136.71,2.71,82.51,29.0,58,5.14,270,18.56,142.87,3000.0,1921.7
Pune,18.5204,73.8567,2026-03-19 11:24:58.294875,36.8,69.05,1.3,174.85,6.11,103.51,32.83,25,0.89,231,15.49,1425.74,581.3,2048.67
Nagpur,21.1458,79.0882,2026-03-19 11:25:03.764966,28.37,31.65,2.67,280.06,5.5,107.33,30.0,30,2.57,180,3.1,628.44,3000.0,522.66
Bangalore,12.9716,77.5946,2026-03-19 11:25:07.114994,59.84,66.85,4.17,477.42,5.13,168.67,27.9,48,4.12,240,20.9,366.34,832.89,3479.27
Delhi,28.6139,77.209,2026-03-19 11:34:50.647989,96.58,109.29,11.14,546.42,11.26,99.64,25.07,53,1.54,220,32.94,2819.91,2069.19,3000.0
Mumbai,19.076,72.8777,2026-03-19 11:34:56.224512,33.64,90.27,0.46,136.71,2.71,82.51,29.0,58,5.14,270,18.56,142.87,3000.0,1921.7
Pune,18.5204,73.8567,2026-03-19 11:35:00.406587,36.8,69.05,1.3,174.85,6.11,103.51,32.83,25,0.89,231,15.49,1425.74,581.3,2048.67
Nagpur,21.1458,79.0882,2026-03-19 11:35:05.870595,28.37,31.65,2.67,280.06,5.5,107.33,30.0,30,2.57,180,3.1,628.44,3000.0,522.66
Bangalore,12.9716,77.5946,2026-03-19 11:35:09.504458,59.84,66.85,4.17,477.42,5.13,168.67,27.92,48,7.15,227,20.9,366.34,832.89,3479.27
Delhi,28.6139,77.209,2026-03-19 12:08:31.339495,96.58,109.29,11.14,546.42,11.26,99.64,24.07,60,2.57,240,32.94,2819.91,2069.19,3000.0
Mumbai,19.076,72.8777,2026-03-19 12:08:36.997514,33.87,89.9,0.24,131.89,2.04,83.01,29.03,61,5.14,270,18.56,142.87,3000.0,1921.7
Pune,18.5204,73.8567,2026-03-19 12:08:41.369030,37.46,71.91,0.74,167.83,4.81,102.94,32.86,24,0.45,211,15.49,1425.74,581.3,2048.67
Nagpur,21.1458,79.0882,2026-03-19 12:08:46.683346,21.06,23.68,1.17,213.17,2.46,115.64,32.0,25,3.09,180,3.1,628.44,3000.0,522.66
Bangalore,12.9716,77.5946,2026-03-19 12:08:50.067622,52.51,58.22,2.91,417.76,4.19,171.83,28.43,45,7.15,239,20.9,366.34,832.89,3479.27
Delhi,28.6139,77.209,2026-03-19 13:27:22.276490,33.7,40.82,3.72,262.6,4.27,121.36,25.07,57,4.12,230,32.94,2819.91,2069.19,3000.0
Mumbai,19.076,72.8777,2026-03-19 13:27:27.101708,32.97,88.24,0.14,126.13,1.35,80.44,30.03,51,5.14,280,18.56,142.87,3000.0,1921.7
Pune,18.5204,73.8567,2026-03-19 13:27:30.686991,37.74,75.84,0.54,160.88,3.77,97.02,33.97,20,0.45,31,15.49,1425.74,581.3,2048.67
Nagpur,21.1458,79.0882,2026-03-19 13:27:35.396072,21.5,25.0,0.98,189.88,1.96,117.34,33.0,27,1.03,0,3.1,628.44,3000.0,522.66
Bangalore,12.9716,77.5946,2026-03-19 13:27:38.423438,46.82,51.8,2.78,378.01,3.67,167.19,29.37,40,5.81,270,20.9,366.34,832.89,3479.27
Delhi,28.6139,77.209,2026-03-19 13:29:48.414074,33.7,40.82,3.72,262.6,4.27,121.36,25.07,57,4.12,230,32.94,2819.91,2069.19,3000.0
Mumbai,19.076,72.8777,2026-03-19 13:29:52.715221,32.97,88.24,0.14,126.13,1.35,80.44,30.03,51,5.14,280,18.56,142.87,3000.0,1921.7
Pune,18.5204,73.8567,2026-03-19 13:29:56.194004,37.74,75.84,0.54,160.88,3.77,97.02,33.94,20,0.45,31,15.49,1425.74,581.3,2048.67
Nagpur,21.1458,79.0882,2026-03-19 13:30:00.904688,21.5,25.0,0.98,189.88,1.96,117.34,33.0,27,1.03,0,3.1,628.44,3000.0,522.66
Bangalore,12.9716,77.5946,2026-03-19 13:30:04.284946,46.82,51.8,2.78,378.01,3.67,167.19,29.37,40,5.81,270,20.9,366.34,832.89,3479.27
Delhi,28.6139,77.209,2026-03-19 13:31:51.396290,33.7,40.82,3.72,262.6,4.27,121.36,25.07,57,4.12,230,32.94,2819.91,2069.19,3000.0
Mumbai,19.076,72.8777,2026-03-19 13:31:56.003859,32.97,88.24,0.14,126.13,1.35,80.44,30.03,51,5.14,280,18.56,142.87,3000.0,1921.7
Pune,18.5204,73.8567,2026-03-19 13:31:59.286665,37.74,75.84,0.54,160.88,3.77,97.02,33.94,20,0.45,31,15.49,1425.74,581.3,2048.67
Nagpur,21.1458,79.0882,2026-03-19 13:32:03.787217,21.5,25.0,0.98,189.88,1.96,117.34,33.0,27,1.03,0,3.1,628.44,3000.0,522.66
Bangalore,12.9716,77.5946,2026-03-19 13:32:06.653874,46.82,51.8,2.78,378.01,3.67,167.19,29.37,40,5.81,270,20.9,366.34,832.89,3479.27
Delhi,28.6139,77.209,2026-03-19 14:45:52.923538,32.38,38.93,3.8,260.03,3.9,117.76,25.07,53,1.03,0,32.94,2819.91,2069.19,3000.0
Mumbai,19.076,72.8777,2026-03-19 14:45:54.635662,31.62,86.24,0.1,121.35,0.83,76.74,30.0,58,4.63,290,18.56,142.87,3000.0,1921.7
Pune,18.5204,73.8567,2026-03-19 14:45:56.242752,37.54,78.72,0.45,153.94,2.9,91.56,31.85,27,1.2,204,15.49,1425.74,581.3,2048.67
Nagpur,21.1458,79.0882,2026-03-19 14:45:58.174482,21.7,25.74,1.11,182.04,2.21,116.61,33.0,24,3.09,180,3.1,628.44,3000.0,522.66
Bangalore,12.9716,77.5946,2026-03-19 14:45:59.487654,42.87,47.49,3.05,355.85,3.43,164.69,30.45,37,5.81,288,20.9,366.34,832.89,3479.27
Delhi,28.6139,77.209,2026-03-19 16:10:22.940691,31.93,37.34,7.9,302.09,4.27,97.62,25.07,53,3.6,280,32.94,2819.91,2069.19,3000.0
Mumbai,19.076,72.8777,2026-03-19 16:10:24.655356,29.15,83.56,0.06,116.12,0.31,69.37,30.01,54,5.14,270,18.56,142.87,3000.0,1921.7
Pune,18.5204,73.8567,2026-03-19 16:10:25.918263,34.99,80.15,0.41,134.62,1.37,84.63,25.63,47,4.07,297,15.49,1425.74,581.3,2048.67
Nagpur,21.1458,79.0882,2026-03-19 16:10:27.751422,22.6,27.07,2.05,185.59,3.46,116.65,35.08,16,3.0,133,3.1,628.44,3000.0,522.66
Bangalore,12.9716,77.5946,2026-03-19 16:10:28.876877,38.3,42.56,4.31,339.22,3.22,158.6,30.08,37,7.6,312,20.9,366.34,832.89,3479.27
Delhi,28.6139,77.209,2026-03-19 17:05:17.169642,31.93,37.34,7.9,302.09,4.27,97.62,24.07,60,4.12,290,32.94,2819.91,2069.19,3000.0
Mumbai,19.076,72.8777,2026-03-19 17:05:19.013173,28.55,83.57,0.07,115.57,0.26,66.97,27.4,62,7.89,287,18.56,142.87,3000.0,1921.7
Pune,18.5204,73.8567,2026-03-19 17:05:20.340743,34.99,80.15,0.41,134.62,1.37,84.63,25.63,47,4.07,297,15.49,1425.74,581.3,2048.67
Nagpur,21.1458,79.0882,2026-03-19 17:05:22.596280,23.01,27.56,2.83,190.78,4.32,115.39,34.17,16,2.21,156,3.1,628.44,3000.0,522.66
Bangalore,12.9716,77.5946,2026-03-19 17:05:23.825849,36.97,41.25,5.93,342.06,3.26,150.96,29.48,37,7.15,315,20.9,366.34,832.89,3479.27
Delhi,28.6139,77.209,2026-03-19 18:07:53.720852,32.56,38.55,13.05,361.06,3.83,79.81,21.07,94,5.14,300,32.94,2819.91,2069.19,3000.0
Mumbai,19.076,72.8777,2026-03-19 18:07:55.323670,28.41,84.8,0.08,115.64,0.26,65.75,27.24,63,6.25,281,18.56,142.87,3000.0,1921.7
Pune,18.5204,73.8567,2026-03-19 18:07:56.762337,31.98,80.82,0.72,123.04,0.72,78.25,31.16,26,6.88,268,15.49,1425.74,581.3,2048.67
Nagpur,21.1458,79.0882,2026-03-19 18:07:58.553944,23.81,28.62,4.46,206.77,5.77,109.92,32.26,18,3.94,143,3.1,628.44,3000.0,522.66
Bangalore,12.9716,77.5946,2026-03-19 18:07:59.669396,35.93,40.63,8.02,353.31,3.55,140.15,28.99,40,5.81,315,20.9,366.34,832.89,3479.27
Delhi,28.6139,77.209,2026-03-19 19:04:07.051727,33.92,40.53,13.57,387.82,3.36,73.75,20.07,94,5.14,300,32.94,2819.91,2069.19,3000.0
Mumbai,19.076,72.8777,2026-03-19 19:04:08.783547,28.53,86.64,0.08,115.69,0.29,65.4,27.03,65,6.25,281,18.56,142.87,3000.0,1921.7
Pune,18.5204,73.8567,2026-03-19 19:04:10.321272,31.98,80.82,0.72,123.04,0.72,78.25,28.38,29,0.45,239,15.49,1425.74,581.3,2048.67
Nagpur,21.1458,79.0882,2026-03-19 19:04:12.265219,25.03,30.36,6.3,235.25,7.29,102.72,30.78,21,0.67,140,3.1,628.44,3000.0,522.66
Bangalore,12.9716,77.5946,2026-03-19 19:04:13.580417,35.93,40.63,8.02,353.31,3.55,140.15,28.04,44,4.02,9,20.9,366.34,832.89,3479.27
Delhi,28.6139,77.209,2026-03-19 20:12:06.398525,34.55,41.42,13.11,403.61,2.83,69.36,19.07,94,3.09,320,32.94,2819.91,2069.19,3000.0
Mumbai,19.076,72.8777,2026-03-19 20:12:08.137387,28.84,88.79,0.09,115.74,0.34,65.96,26.73,66,3.48,281,18.56,142.87,3000.0,1921.7
Pune,18.5204,73.8567,2026-03-19 20:12:09.764556,30.2,79.01,1.08,122.93,0.87,72.88,27.27,31,0.45,240,15.49,1425.74,581.3,2048.67
Nagpur,21.1458,79.0882,2026-03-19 20:12:11.720961,25.91,31.65,7.66,263.42,8.17,96.4,29.95,24,1.95,306,3.1,628.44,3000.0,522.66
Bangalore,12.9716,77.5946,2026-03-19 20:12:13.159429,40.45,47.35,9.96,410.07,4.91,123.15,27.88,47,0.56,38,20.9,366.34,832.89,3479.27
Delhi,28.6139,77.209,2026-03-19 22:22:24.097016,32.93,38.72,10.15,407.97,1.77,58.87,18.07,88,3.09,360,32.94,2819.91,2069.19,3000.0
Mumbai,19.076,72.8777,2026-03-19 22:22:26.103383,26.98,81.43,0.09,114.69,0.34,71.47,27.0,65,4.12,320,18.56,142.87,3000.0,1921.7
Pune,18.5204,73.8567,2026-03-19 22:22:27.639867,30.9,79.01,1.63,126.66,1.68,71.93,24.49,41,0.45,218,15.49,1425.74,581.3,2048.67
Nagpur,21.1458,79.0882,2026-03-19 22:22:29.823357,35.94,44.48,12.41,357.32,8.12,75.59,29.0,32,2.06,350,3.1,628.44,3000.0,522.66
Bangalore,12.9716,77.5946,2026-03-19 22:22:31.358202,52.13,61.62,11.27,475.51,5.89,108.66,24.44,58,7.15,88,20.9,366.34,832.89,3479.27
Delhi,28.6139,77.209,2026-03-19 22:38:53.854183,32.93,38.72,10.15,407.97,1.77,58.87,18.07,88,1.54,40,32.94,2819.91,2069.19,3000.0
Mumbai,19.076,72.8777,2026-03-19 22:38:56.240239,26.98,81.43,0.09,114.69,0.34,71.47,27.0,65,4.12,320,18.56,142.87,3000.0,1921.7
Pune,18.5204,73.8567,2026-03-19 22:38:58.117755,30.9,79.01,1.63,126.66,1.68,71.93,23.97,43,0.45,232,15.49,1425.74,581.3,2048.67
Nagpur,21.1458,79.0882,2026-03-19 22:39:00.696983,35.94,44.48,12.41,357.32,8.12,75.59,29.0,32,2.06,350,3.1,628.44,3000.0,522.66
Bangalore,12.9716,77.5946,2026-03-19 22:39:02.334096,52.13,61.62,11.27,475.51,5.89,108.66,24.42,57,7.15,90,20.9,366.34,832.89,3479.27
Delhi,28.6139,77.209,2026-03-19 22:56:32.173833,32.93,38.72,10.15,407.97,1.77,58.87,18.07,88,1.54,40,32.94,2819.91,2069.19,3000.0
Mumbai,19.076,72.8777,2026-03-19 22:56:34.808088,26.98,81.43,0.09,114.69,0.34,71.47,27.03,65,3.6,330,18.56,142.87,3000.0,1921.7
Pune,18.5204,73.8567,2026-03-19 22:56:36.875561,30.9,79.01,1.63,126.66,1.68,71.93,23.94,43,0.45,232,15.49,1425.74,581.3,2048.67
Nagpur,21.1458,79.0882,2026-03-19 22:56:39.558416,35.94,44.48,12.41,357.32,8.12,75.59,29.0,34,1.54,10,3.1,628.44,3000.0,522.66
Bangalore,12.9716,77.5946,2026-03-19 22:56:41.095948,52.13,61.62,11.27,475.51,5.89,108.66,23.97,59,6.26,95,20.9,366.34,832.89,3479.27
Delhi,28.6139,77.209,2026-03-19 22:57:40.525411,32.93,38.72,10.15,407.97,1.77,58.87,18.07,88,1.54,40,32.94,2819.91,2069.19,3000.0
Mumbai,19.076,72.8777,2026-03-19 22:57:42.607787,26.98,81.43,0.09,114.69,0.34,71.47,27.03,65,3.6,330,18.56,142.87,3000.0,1921.7
Pune,18.5204,73.8567,2026-03-19 22:57:44.246606,30.9,79.01,1.63,126.66,1.68,71.93,23.94,43,0.45,232,15.49,1425.74,581.3,2048.67
Nagpur,21.1458,79.0882,2026-03-19 22:57:46.495114,35.94,44.48,12.41,357.32,8.12,75.59,29.0,34,1.54,10,3.1,628.44,3000.0,522.66
Bangalore,12.9716,77.5946,2026-03-19 22:57:47.887128,52.13,61.62,11.27,475.51,5.89,108.66,23.97,59,6.26,95,20.9,366.34,832.89,3479.27
Delhi,28.6139,77.209,2026-03-19 23:05:27.555028,34.5,39.94,10.16,419.58,1.57,51.64,18.07,88,1.54,40,32.94,2819.91,2069.19,3000.0
Mumbai,19.076,72.8777,2026-03-19 23:05:29.976855,26.68,80.32,0.11,114.99,0.43,72.17,27.03,65,3.6,330,18.56,142.87,3000.0,1921.7
Pune,18.5204,73.8567,2026-03-19 23:05:31.841835,30.9,79.01,1.63,126.66,1.68,71.93,23.38,44,2.69,254,15.49,1425.74,581.3,2048.67
Nagpur,21.1458,79.0882,2026-03-19 23:05:34.127416,35.94,44.48,12.41,357.32,8.12,75.59,29.0,34,1.54,10,3.1,628.44,3000.0,522.66
Bangalore,12.9716,77.5946,2026-03-19 23:05:35.686011,54.61,64.26,11.28,488.21,5.54,101.22,23.97,59,6.26,95,20.9,366.34,832.89,3479.27
Delhi,28.6139,77.209,2026-03-19 23:14:44.043995,34.5,39.94,10.16,419.58,1.57,51.64,18.07,88,0.0,0,32.94,2819.91,2069.19,3000.0
Mumbai,19.076,72.8777,2026-03-19 23:14:46.604639,26.68,80.32,0.11,114.99,0.43,72.17,27.03,69,4.12,350,18.56,142.87,3000.0,1921.7
Pune,18.5204,73.8567,2026-03-19 23:14:48.683861,30.97,78.2,1.95,128.92,2.25,71.33,23.38,44,2.69,254,15.49,1425.74,581.3,2048.67
Nagpur,21.1458,79.0882,2026-03-19 23:14:51.127840,37.01,45.76,13.21,382.75,7.14,67.17,28.0,34,1.54,20,3.1,628.44,3000.0,522.66
Bangalore,12.9716,77.5946,2026-03-19 23:14:52.709118,54.61,64.26,11.28,488.21,5.54,101.22,23.64,59,5.36,103,20.9,366.34,832.89,3479.27
Delhi,28.6139,77.209,2026-03-19 23:20:28.915777,34.5,39.94,10.16,419.58,1.57,51.64,18.07,88,0.0,0,32.94,2819.91,2069.19,3000.0
Mumbai,19.076,72.8777,2026-03-19 23:20:35.105460,26.68,80.32,0.11,114.99,0.43,72.17,27.0,69,4.12,350,18.56,142.87,3000.0,1921.7
Pune,18.5204,73.8567,2026-03-19 23:20:40.361874,30.97,78.2,1.95,128.92,2.25,71.33,23.41,44,2.69,254,15.49,1425.74,581.3,2048.67
Nagpur,21.1458,79.0882,2026-03-19 23:20:46.978537,37.01,45.76,13.21,382.75,7.14,67.17,28.0,34,1.54,20,3.1,628.44,3000.0,522.66
Bangalore,12.9716,77.5946,2026-03-19 23:20:51.161700,54.61,64.26,11.28,488.21,5.54,101.22,23.42,62,4.47,117,20.9,366.34,832.89,3479.27
Delhi,28.6139,77.209,2026-03-19 23:35:48.643781,34.5,39.94,10.16,419.58,1.57,51.64,18.07,88,0.0,0,32.94,2819.91,2069.19,3000.0
Mumbai,19.076,72.8777,2026-03-19 23:35:54.492742,26.68,80.32,0.11,114.99,0.43,72.17,27.0,69,4.12,350,18.56,142.87,3000.0,1921.7
Pune,18.5204,73.8567,2026-03-19 23:35:59.080916,30.97,78.2,1.95,128.92,2.25,71.33,23.38,47,2.97,273,15.49,1425.74,581.3,2048.67
Nagpur,21.1458,79.0882,2026-03-19 23:36:05.613288,37.01,45.76,13.21,382.75,7.14,67.17,28.0,34,1.54,20,3.1,628.44,3000.0,522.66
Bangalore,12.9716,77.5946,2026-03-19 23:36:09.673256,54.61,64.26,11.28,488.21,5.54,101.22,23.19,65,4.47,117,20.9,366.34,832.89,3479.27
Delhi,28.6139,77.209,2026-03-20 00:36:54.550016,35.28,40.16,9.78,420.47,1.22,44.45,18.07,88,0.0,0,32.94,2819.91,2069.19,3000.0
Mumbai,19.076,72.8777,2026-03-20 00:36:58.788927,26.4,79.12,0.15,115.42,0.53,72.46,27.0,65,4.12,40,18.56,142.87,3000.0,1921.7
Pune,18.5204,73.8567,2026-03-20 00:37:02.267974,31.24,76.89,2.27,132.2,2.65,70.26,22.83,48,0.45,310,15.49,1425.74,581.3,2048.67
Nagpur,21.1458,79.0882,2026-03-20 00:37:06.863459,37.07,45.4,12.97,390.42,5.86,60.68,27.0,34,1.03,50,3.1,628.44,3000.0,522.66
Bangalore,12.9716,77.5946,2026-03-20 00:37:09.950300,55.91,65.13,11.35,493.59,4.76,90.81,22.11,70,3.09,90,20.9,366.34,832.89,3479.27
Delhi,28.6139,77.209,2026-03-20 01:37:31.078885,36.02,40.69,9.24,424.28,0.95,36.76,18.07,88,0.0,0,32.94,2819.91,2069.19,3000.0
Mumbai,19.076,72.8777,2026-03-20 01:37:36.532430,26.28,78.29,0.21,116.25,0.68,72.21,26.03,57,5.66,100,18.56,142.87,3000.0,1921.7
Pune,18.5204,73.8567,2026-03-20 01:37:39.704228,31.99,75.37,2.57,139.69,2.76,68.71,22.27,52,3.17,299,15.49,1425.74,581.3,2048.67
Nagpur,21.1458,79.0882,2026-03-20 01:37:44.316914,37.33,45.33,12.41,397.96,4.92,55.03,25.0,41,1.54,160,3.1,628.44,3000.0,522.66
Bangalore,12.9716,77.5946,2026-03-20 01:37:47.389845,59.95,69.44,11.8,515.08,5.09,86.56,21.57,75,3.09,130,20.9,366.34,832.89,3479.27
Delhi,28.6139,77.209,2026-03-20 02:38:07.009256,36.73,41.02,8.56,428.1,0.82,31.01,17.07,94,1.54,240,32.94,2819.91,2069.19,3000.0
Mumbai,19.076,72.8777,2026-03-20 02:38:12.743666,26.23,77.48,0.28,117.61,0.85,71.72,25.0,65,2.57,50,18.56,142.87,3000.0,1921.7
Pune,18.5204,73.8567,2026-03-20 02:38:16.126825,33.16,74.17,2.83,148.25,2.85,67.17,22.3,53,2.42,284,15.49,1425.74,581.3,2048.67
Nagpur,21.1458,79.0882,2026-03-20 02:38:20.730688,37.54,45.23,11.93,405.19,4.22,49.65,25.0,41,0.0,0,3.1,628.44,3000.0,522.66
Bangalore,12.9716,77.5946,2026-03-20 02:38:23.703050,63.79,73.55,11.87,535.98,5.57,85.29,20.52,80,3.58,55,20.9,366.34,832.89,3479.27
Delhi,28.6139,77.209,2026-03-20 03:38:43.017574,37.29,41.54,8.01,431.99,0.78,26.51,17.07,94,1.54,240,32.94,2819.91,2069.19,3000.0
Mumbai,19.076,72.8777,2026-03-20 03:38:48.445575,26.27,77.15,0.33,119.01,1.0,71.65,25.0,65,2.06,130,18.56,142.87,3000.0,1921.7
Pune,18.5204,73.8567,2026-03-20 03:38:51.604204,34.25,72.39,3.08,158.38,2.78,64.7,21.72,55,2.61,304,15.49,1425.74,581.3,2048.67
Nagpur,21.1458,79.0882,2026-03-20 03:38:56.530467,37.74,45.17,11.61,412.33,3.54,44.19,26.0,41,7.72,290,3.1,628.44,3000.0,522.66
Bangalore,12.9716,77.5946,2026-03-20 03:38:59.401400,67.46,77.48,11.85,554.42,6.08,84.63,20.55,84,4.02,77,20.9,366.34,832.89,3479.27
Delhi,28.6139,77.209,2026-03-20 04:39:18.352617,37.42,41.76,7.64,434.21,0.78,23.47,17.07,94,1.03,0,32.94,2819.91,2069.19,3000.0
Mumbai,19.076,72.8777,2026-03-20 04:39:23.575186,26.42,77.31,0.37,120.45,1.1,71.74,25.0,69,1.54,130,18.56,142.87,3000.0,1921.7
Pune,18.5204,73.8567,2026-03-20 04:39:26.956093,35.63,71.24,3.42,171.68,2.58,61.77,21.72,53,0.95,281,15.49,1425.74,581.3,2048.67
Nagpur,21.1458,79.0882,2026-03-20 04:39:31.564608,38.35,45.75,11.7,424.93,2.94,38.98,21.0,73,7.72,280,3.1,628.44,3000.0,522.66
Bangalore,12.9716,77.5946,2026-03-20 04:39:34.435200,71.8,81.93,11.48,571.03,6.48,83.58,20.46,85,3.13,90,20.9,366.34,832.89,3479.27
Delhi,28.6139,77.209,2026-03-20 05:39:53.451993,37.05,41.36,7.72,436.43,0.86,22.01,17.07,94,4.63,260,32.94,2819.91,2069.19,3000.0
Mumbai,19.076,72.8777,2026-03-20 05:39:58.671457,26.71,78.13,0.42,121.71,1.21,72.14,25.0,69,1.54,140,18.56,142.87,3000.0,1921.7
Pune,18.5204,73.8567,2026-03-20 05:40:22.882054,37.28,71.22,3.8,184.97,2.56,59.29,0.0,0,0.0,0,15.49,1425.74,581.3,2048.67
Nagpur,21.1458,79.0882,2026-03-20 05:40:27.347553,39.07,46.64,12.1,439.64,2.65,34.51,21.0,73,5.14,310,3.1,628.44,3000.0,522.66
Bangalore,12.9716,77.5946,2026-03-20 05:40:30.314593,75.35,85.22,10.95,578.75,6.4,81.49,19.79,88,2.24,106,20.9,366.34,832.89,3479.27
Delhi,28.6139,77.209,2026-03-20 06:40:49.986772,36.75,41.55,9.02,450.16,1.11,20.47,17.07,94,4.12,290,32.94,2819.91,2069.19,3000.0
Mumbai,19.076,72.8777,2026-03-20 06:40:55.408436,27.14,79.12,0.5,123.71,1.41,72.25,25.0,73,0.0,0,18.56,142.87,3000.0,1921.7
Pune,18.5204,73.8567,2026-03-20 06:40:58.689811,38.97,72.09,4.24,197.56,2.78,57.88,21.16,52,1.11,190,15.49,1425.74,581.3,2048.67
Nagpur,21.1458,79.0882,2026-03-20 06:41:03.198118,39.4,47.39,13.06,457.24,2.69,29.69,21.0,68,2.57,10,3.1,628.44,3000.0,522.66
Bangalore,12.9716,77.5946,2026-03-20 06:41:05.961157,74.38,83.83,10.88,573.68,5.62,78.61,19.21,90,1.79,98,20.9,366.34,832.89,3479.27
Delhi,28.6139,77.209,2026-03-20 07:41:26.225000,36.78,43.22,12.39,488.03,1.46,16.66,17.07,94,3.09,270,32.94,2819.91,2069.19,3000.0
Mumbai,19.076,72.8777,2026-03-20 07:41:32.062056,27.6,80.17,0.61,125.56,1.64,72.3,25.0,69,1.54,200,18.56,142.87,3000.0,1921.7
Pune,18.5204,73.8567,2026-03-20 07:41:35.548322,39.82,72.53,4.82,207.81,3.45,58.24,22.27,51,0.17,277,15.49,1425.74,581.3,2048.67
Nagpur,21.1458,79.0882,2026-03-20 07:41:40.355557,40.07,48.95,14.7,489.19,3.0,25.07,20.0,77,1.03,350,3.1,628.44,3000.0,522.66
Bangalore,12.9716,77.5946,2026-03-20 07:41:43.530898,72.38,82.79,13.88,599.7,5.93,75.01,20.99,85,2.24,106,20.9,366.34,832.89,3479.27
Delhi,28.6139,77.209,2026-03-20 08:42:03.890506,35.89,43.26,15.15,515.03,1.57,15.12,17.07,94,3.6,270,32.94,2819.91,2069.19,3000.0
Mumbai,19.076,72.8777,2026-03-20 08:42:09.728041,27.9,80.54,0.67,126.88,1.8,72.5,26.03,69,0.0,0,18.56,142.87,3000.0,1921.7
Pune,18.5204,73.8567,2026-03-20 08:42:13.313353,38.61,70.19,4.92,206.94,4.39,62.44,23.41,50,0.45,287,15.49,1425.74,581.3,2048.67
Nagpur,21.1458,79.0882,2026-03-20 08:42:18.126577,41.13,50.7,13.62,520.59,3.36,27.51,22.0,64,2.57,100,3.1,628.44,3000.0,522.66
Bangalore,12.9716,77.5946,2026-03-20 08:42:21.090687,72.86,84.46,16.22,642.0,6.63,79.98,23.52,74,3.13,169,20.9,366.34,832.89,3479.27
Delhi,28.6139,77.209,2026-03-20 09:43:05.208170,21.84,26.13,7.22,338.53,1.16,56.85,17.07,88,1.54,290,32.94,2819.91,2069.19,3000.0
Mumbai,19.076,72.8777,2026-03-20 09:43:09.507208,28.01,80.13,0.57,126.74,1.9,72.9,28.0,57,0.0,0,18.56,142.87,3000.0,1921.7
Pune,18.5204,73.8567,2026-03-20 09:43:13.093818,31.83,60.29,3.6,167.61,5.46,78.84,28.38,35,0.43,59,15.49,1425.74,581.3,2048.67
Nagpur,21.1458,79.0882,2026-03-20 09:43:17.906773,39.28,46.45,7.67,372.41,7.99,73.83,21.0,73,1.03,90,3.1,628.44,3000.0,522.66
Bangalore,12.9716,77.5946,2026-03-20 09:43:20.876959,60.55,69.98,10.21,528.39,7.71,119.31,25.03,67,4.92,191,20.9,366.34,832.89,3479.27
Delhi,28.6139,77.209,2026-03-20 10:43:49.019522,16.42,20.49,5.73,291.96,1.1,65.3,17.07,94,3.09,290,32.94,2819.91,2069.19,3000.0
Mumbai,19.076,72.8777,2026-03-20 10:43:54.218074,28.21,79.78,0.39,125.66,1.82,74.09,30.03,42,2.06,260,18.56,142.87,3000.0,1921.7
Pune,18.5204,73.8567,2026-03-20 10:43:58.020613,30.48,57.71,2.46,155.27,5.51,92.26,27.41,37,2.71,344,15.49,1425.74,581.3,2048.67
Nagpur,21.1458,79.0882,2026-03-20 10:44:03.140840,41.26,48.15,6.0,343.73,9.23,91.15,22.0,68,3.6,140,3.1,628.44,3000.0,522.66
Bangalore,12.9716,77.5946,2026-03-20 10:44:06.319313,62.54,71.74,7.05,508.24,7.52,151.13,28.12,54,4.92,184,20.9,366.34,832.89,3479.27
Delhi,28.6139,77.209,2026-03-20 11:44:27.587678,14.2,18.18,5.23,277.7,1.04,67.28,18.07,94,2.57,290,32.94,2819.91,2069.19,3000.0
Mumbai,19.076,72.8777,2026-03-20 11:44:29.876659,28.6,79.7,0.25,124.4,1.66,74.53,30.0,45,4.12,260,18.56,142.87,3000.0,1921.7
Pune,18.5204,73.8567,2026-03-20 11:44:32.147872,32.5,59.98,1.44,151.89,5.27,102.71,31.72,27,0.45,30,15.49,1425.74,581.3,2048.67
Nagpur,21.1458,79.0882,2026-03-20 11:44:35.328747,46.35,53.19,4.86,335.55,9.7,107.29,26.0,57,1.54,160,3.1,628.44,3000.0,522.66
Bangalore,12.9716,77.5946,2026-03-20 11:44:36.698033,65.79,74.5,4.72,487.01,6.94,172.06,28.49,49,2.68,186,20.9,366.34,832.89,3479.27
Delhi,28.6139,77.209,2026-03-20 12:44:48.423411,12.81,16.56,4.82,269.62,0.95,69.57,18.07,88,2.57,290,32.94,2819.91,2069.19,3000.0
Mumbai,19.076,72.8777,2026-03-20 12:44:53.645907,28.9,79.36,0.17,122.45,1.39,74.17,31.0,45,4.12,290,18.56,142.87,3000.0,1921.7
Pune,18.5204,73.8567,2026-03-20 12:44:56.868391,33.25,62.03,0.85,147.99,4.43,105.26,30.74,25,2.02,332,15.49,1425.74,581.3,2048.67
Nagpur,21.1458,79.0882,2026-03-20 12:45:01.728733,38.4,43.69,2.35,251.28,7.35,129.49,28.0,42,1.03,0,3.1,628.44,3000.0,522.66
Bangalore,12.9716,77.5946,2026-03-20 12:45:04.809827,55.83,62.91,3.37,408.52,5.21,166.28,29.16,45,1.79,262,20.9,366.34,832.89,3479.27
Delhi,28.6139,77.209,2026-03-20 13:45:24.740208,11.67,15.07,4.48,260.36,0.83,70.63,19.07,82,2.06,310,32.94,2819.91,2069.19,3000.0
Mumbai,19.076,72.8777,2026-03-20 13:45:29.963337,28.97,78.28,0.13,120.97,1.13,73.32,30.0,51,4.63,290,18.56,142.87,3000.0,1921.7
Pune,18.5204,73.8567,2026-03-20 13:45:33.339746,30.82,59.97,0.6,140.96,3.3,101.96,30.78,22,2.38,338,15.49,1425.74,581.3,2048.67
Nagpur,21.1458,79.0882,2026-03-20 13:45:37.849922,31.48,35.99,1.58,223.81,5.04,131.19,31.0,35,1.54,40,3.1,628.44,3000.0,522.66
Bangalore,12.9716,77.5946,2026-03-20 13:45:40.611775,52.0,58.22,3.07,382.98,4.55,166.79,29.83,42,3.13,285,20.9,366.34,832.89,3479.27
Delhi,28.6139,77.209,2026-03-20 14:46:00.625798,10.7,13.74,4.13,252.16,0.69,71.77,20.07,83,1.54,330,32.94,2819.91,2069.19,3000.0
Mumbai,19.076,72.8777,2026-03-20 14:46:05.853359,28.87,76.51,0.11,119.67,0.96,72.02,31.0,48,6.17,280,18.56,142.87,3000.0,1921.7
Pune,18.5204,73.8567,2026-03-20 14:46:09.024327,27.98,57.63,0.5,133.95,2.45,98.22,32.96,18,2.76,328,15.49,1425.74,581.3,2048.67
Nagpur,21.1458,79.0882,2026-03-20 14:46:13.522179,29.5,33.85,1.51,216.05,4.38,130.49,32.0,23,1.54,300,3.1,628.44,3000.0,522.66
Bangalore,12.9716,77.5946,2026-03-20 14:46:16.395770,48.79,54.48,3.07,366.87,4.15,166.76,30.48,40,4.02,283,20.9,366.34,832.89,3479.27
Delhi,28.6139,77.209,2026-03-20 15:46:35.342073,9.8,12.56,3.76,246.0,0.57,73.04,21.07,73,1.03,0,32.94,2819.91,2069.19,3000.0
Mumbai,19.076,72.8777,2026-03-20 15:46:40.052277,28.32,73.39,0.1,119.2,0.81,70.67,30.0,48,6.69,290,18.56,142.87,3000.0,1921.7
Pune,18.5204,73.8567,2026-03-20 15:46:44.149208,26.23,58.58,0.48,128.38,1.87,94.57,34.63,17,3.17,323,15.49,1425.74,581.3,2048.67
Nagpur,21.1458,79.0882,2026-03-20 15:46:48.757386,29.87,34.13,2.25,221.98,4.85,129.5,32.0,23,5.14,290,3.1,628.44,3000.0,522.66
Bangalore,12.9716,77.5946,2026-03-20 15:46:51.521790,48.8,54.36,3.5,367.38,4.09,171.45,30.21,39,3.13,297,20.9,366.34,832.89,3479.27
Delhi,28.6139,77.209,2026-03-20 16:47:11.886085,9.0,11.62,3.78,242.21,0.5,73.99,21.07,73,2.06,310,32.94,2819.91,2069.19,3000.0
Mumbai,19.076,72.8777,2026-03-20 16:47:17.315427,27.18,68.42,0.1,118.79,0.71,69.06,30.03,51,6.69,290,18.56,142.87,3000.0,1921.7
Pune,18.5204,73.8567,2026-03-20 16:47:21.514634,26.77,64.32,0.57,125.27,1.69,91.68,35.64,10,0.45,211,15.49,1425.74,581.3,2048.67
Nagpur,21.1458,79.0882,2026-03-20 16:47:26.019281,31.34,35.56,3.64,237.9,5.72,127.58,26.08,41,5.73,70,3.1,628.44,3000.0,522.66
Bangalore,12.9716,77.5946,2026-03-20 16:47:29.193046,50.95,56.72,4.52,380.11,4.29,177.43,30.4,39,4.02,309,20.9,366.34,832.89,3479.27
Delhi,28.6139,77.209,2026-03-20 17:47:48.122465,8.53,11.12,4.3,242.94,0.47,74.26,21.07,73,1.54,350,32.94,2819.91,2069.19,3000.0
Mumbai,19.076,72.8777,2026-03-20 17:47:50.373242,25.95,63.14,0.11,118.73,0.68,67.75,29.0,58,5.66,320,18.56,142.87,3000.0,1921.7
Pune,18.5204,73.8567,2026-03-20 17:47:52.313875,28.68,71.9,0.83,124.79,1.73,89.92,33.38,14,0.45,243,15.49,1425.74,581.3,2048.67
Nagpur,21.1458,79.0882,2026-03-20 17:47:54.572863,32.73,37.01,5.58,257.93,6.58,125.19,31.0,25,1.03,0,3.1,628.44,3000.0,522.66
Bangalore,12.9716,77.5946,2026-03-20 17:47:55.903353,51.96,57.97,6.43,394.68,4.53,177.86,29.79,39,4.92,315,20.9,366.34,832.89,3479.27
Delhi,28.6139,77.209,2026-03-20 18:48:17.149156,30.08,35.9,15.39,404.92,1.41,63.5,21.07,73,3.09,30,32.94,2819.91,2069.19,3000.0
Mumbai,19.076,72.8777,2026-03-20 18:48:22.866996,25.58,60.16,0.13,120.73,0.75,65.9,28.01,61,5.66,310,18.56,142.87,3000.0,1921.7
Pune,18.5204,73.8567,2026-03-20 18:48:27.056643,29.8,80.37,1.23,121.24,1.38,79.9,30.64,23,0.45,234,15.49,1425.74,581.3,2048.67
Nagpur,21.1458,79.0882,2026-03-20 18:48:33.131436,23.54,28.7,4.63,209.5,3.81,111.34,23.95,50,4.53,338,3.1,628.44,3000.0,522.66
Bangalore,12.9716,77.5946,2026-03-20 18:48:36.690283,48.81,55.83,12.86,442.95,5.16,154.04,28.92,43,3.13,311,20.9,366.34,832.89,3479.27
Delhi,28.6139,77.209,2026-03-20 19:49:16.999642,35.52,43.31,18.82,467.92,1.56,51.97,19.07,82,3.09,40,32.94,2819.91,2069.19,3000.0
Mumbai,19.076,72.8777,2026-03-20 19:49:18.458048,24.58,55.85,0.19,121.18,0.8,64.46,28.03,57,4.63,340,18.56,142.87,3000.0,1921.7
Pune,18.5204,73.8567,2026-03-20 19:49:19.819954,31.69,82.65,1.58,126.14,1.71,79.57,27.83,36,5.76,284,15.49,1425.74,581.3,2048.67
Nagpur,21.1458,79.0882,2026-03-20 19:49:21.615732,24.62,30.83,8.38,256.83,4.39,91.58,23.68,51,2.13,150,3.1,628.44,3000.0,522.66
Bangalore,12.9716,77.5946,2026-03-20 19:49:22.659315,51.8,61.69,18.56,536.56,6.3,133.87,28.08,47,1.34,45,20.9,366.34,832.89,3479.27
Delhi,28.6139,77.209,2026-03-20 20:49:30.874848,39.65,49.14,20.38,518.56,1.57,43.7,18.07,88,2.06,40,32.94,2819.91,2069.19,3000.0
Mumbai,19.076,72.8777,2026-03-20 20:49:32.361794,23.66,52.09,0.28,121.46,0.85,62.86,27.03,65,3.6,350,18.56,142.87,3000.0,1921.7
Pune,18.5204,73.8567,2026-03-20 20:49:33.889518,33.12,82.59,1.58,132.1,2.11,80.14,26.72,38,0.89,248,15.49,1425.74,581.3,2048.67
Nagpur,21.1458,79.0882,2026-03-20 20:49:35.974976,25.88,33.16,10.96,299.43,4.6,77.11,26.0,31,3.09,290,3.1,628.44,3000.0,522.66
Bangalore,12.9716,77.5946,2026-03-20 20:49:37.147032,56.67,69.31,21.24,617.78,7.27,123.17,27.5,50,4.02,99,20.9,366.34,832.89,3479.27
Delhi,28.6139,77.209,2026-03-20 21:49:50.612196,42.76,53.5,21.24,557.28,1.52,36.36,18.07,88,1.54,50,32.94,2819.91,2069.19,3000.0
Mumbai,19.076,72.8777,2026-03-20 21:49:55.533092,22.99,49.35,0.41,121.72,0.96,61.4,27.0,65,2.57,340,18.56,142.87,3000.0,1921.7
Pune,18.5204,73.8567,2026-03-20 21:49:59.620498,34.42,81.48,1.58,140.43,2.78,81.38,25.62,41,0.45,222,15.49,1425.74,581.3,2048.67
Nagpur,21.1458,79.0882,2026-03-20 21:50:04.542112,26.81,34.85,12.61,332.33,4.61,65.45,22.65,57,3.32,87,3.1,628.44,3000.0,522.66
Bangalore,12.9716,77.5946,2026-03-20 21:50:08.737293,60.62,74.82,20.85,658.92,6.81,108.08,26.18,61,0.89,203,20.9,366.34,832.89,3479.27
Delhi,28.6139,77.209,2026-03-20 22:50:30.010930,45.43,57.4,21.96,595.25,1.5,28.96,18.07,82,1.03,0,32.94,2819.91,2069.19,3000.0
Mumbai,19.076,72.8777,2026-03-20 22:50:34.825020,22.72,47.69,0.59,123.2,1.19,60.38,27.1,65,5.0,349,18.56,142.87,3000.0,1921.7
Pune,18.5204,73.8567,2026-03-20 22:50:38.310054,36.14,81.22,1.81,152.2,3.82,82.83,25.08,43,3.59,273,15.49,1425.74,581.3,2048.67
Nagpur,21.1458,79.0882,2026-03-20 22:50:42.506752,28.0,36.9,14.17,367.12,4.85,57.64,22.95,56,2.61,98,3.1,628.44,3000.0,522.66
Bangalore,12.9716,77.5946,2026-03-20 22:50:45.269706,63.73,78.51,20.11,689.67,5.77,93.95,25.0,65,4.92,123,20.9,366.34,832.89,3479.27
Delhi,28.6139,77.209,2026-03-20 23:51:16.745076,46.22,58.31,21.78,611.8,1.33,22.88,17.07,88,1.54,50,32.94,2819.91,2069.19,3000.0
Mumbai,19.076,72.8777,2026-03-20 23:51:20.842383,22.65,46.63,0.84,126.18,1.56,59.58,27.07,60,4.12,357,18.56,142.87,3000.0,1921.7
Pune,18.5204,73.8567,2026-03-20 23:51:24.220792,37.71,81.27,2.36,166.63,5.18,82.48,24.49,46,0.45,268,15.49,1425.74,581.3,2048.67
Nagpur,21.1458,79.0882,2026-03-20 23:51:28.831205,29.03,38.48,15.62,395.33,5.19,52.35,23.47,52,2.61,86,3.1,628.44,3000.0,522.66
Bangalore,12.9716,77.5946,2026-03-20 23:51:31.695593,64.97,79.02,19.11,696.67,4.61,84.3,24.09,71,4.02,126,20.9,366.34,832.89,3479.27
Delhi,28.6139,77.209,2026-03-21 00:51:51.772130,44.8,55.88,20.33,599.32,1.09,19.18,17.07,88,0.0,0,32.94,2819.91,2069.19,3000.0
Mumbai,19.076,72.8777,2026-03-21 00:51:55.663354,22.69,45.91,1.14,130.07,2.08,58.99,26.86,59,3.14,1,18.56,142.87,3000.0,1921.7
Pune,18.5204,73.8567,2026-03-21 00:51:59.040335,39.0,80.53,3.11,182.08,6.2,79.17,23.94,47,2.35,278,15.49,1425.74,581.3,2048.67
Nagpur,21.1458,79.0882,2026-03-21 00:52:03.241470,29.55,38.95,16.05,406.95,5.33,48.73,23.85,51,2.11,112,3.1,628.44,3000.0,522.66
Bangalore,12.9716,77.5946,2026-03-21 00:52:06.314004,64.04,76.23,16.56,664.3,3.38,76.66,23.67,73,4.02,132,20.9,366.34,832.89,3479.27
Delhi,28.6139,77.209,2026-03-21 01:52:25.253787,43.8,53.56,18.23,584.26,0.95,17.52,16.07,94,2.57,220,32.94,2819.91,2069.19,3000.0
Mumbai,19.076,72.8777,2026-03-21 01:52:29.802355,22.9,45.57,1.46,135.15,2.68,58.68,26.74,58,3.03,358,18.56,142.87,3000.0,1921.7
Pune,18.5204,73.8567,2026-03-21 01:52:33.035442,40.49,80.06,3.8,200.67,6.66,74.46,22.83,53,1.46,290,15.49,1425.74,581.3,2048.67
Nagpur,21.1458,79.0882,2026-03-21 01:52:37.432557,30.68,39.82,15.3,415.21,4.79,44.81,22.98,53,1.84,60,3.1,628.44,3000.0,522.66
Bangalore,12.9716,77.5946,2026-03-21 01:52:40.306072,64.34,75.63,14.91,657.58,2.54,67.13,22.8,76,3.58,129,20.9,366.34,832.89,3479.27
Delhi,28.6139,77.209,2026-03-21 02:52:59.858987,43.53,51.19,16.13,570.93,0.9,17.13,16.07,94,1.54,220,32.94,2819.91,2069.19,3000.0
Mumbai,19.076,72.8777,2026-03-21 02:53:03.749294,23.16,45.34,1.77,140.41,3.32,58.74,26.52,58,3.81,355,18.56,142.87,3000.0,1921.7
Pune,18.5204,73.8567,2026-03-21 02:53:07.027094,41.95,79.38,4.48,219.28,7.17,69.3,22.27,53,0.91,304,15.49,1425.74,581.3,2048.67
Nagpur,21.1458,79.0882,2026-03-21 02:53:11.430158,31.63,40.25,14.4,422.11,3.96,41.21,22.95,53,2.47,65,3.1,628.44,3000.0,522.66
Bangalore,12.9716,77.5946,2026-03-21 02:53:14.093419,65.05,75.95,13.84,659.72,2.1,58.67,22.48,79,3.58,132,20.9,366.34,832.89,3479.27
Delhi,28.6139,77.209,2026-03-21 03:53:33.439428,42.87,48.63,14.07,549.66,0.89,17.87,15.07,94,0.0,0,32.94,2819.91,2069.19,3000.0
Mumbai,19.076,72.8777,2026-03-21 03:53:37.733112,23.34,44.89,2.02,144.8,3.89,59.12,26.03,57,2.57,360,18.56,142.87,3000.0,1921.7
Pune,18.5204,73.8567,2026-03-21 03:53:41.017543,42.78,77.7,5.0,234.24,7.31,64.36,22.27,54,0.42,36,15.49,1425.74,581.3,2048.67
Nagpur,21.1458,79.0882,2026-03-21 03:53:45.422358,31.69,39.69,13.39,422.65,3.1,37.9,21.9,55,1.94,37,3.1,628.44,3000.0,522.66
Bangalore,12.9716,77.5946,2026-03-21 03:53:48.185643,66.13,76.9,13.05,661.07,1.97,51.8,22.18,80,3.58,119,20.9,366.34,832.89,3479.27
Delhi,28.6139,77.209,2026-03-21 04:54:07.633501,41.93,46.26,12.31,526.84,0.88,19.71,15.07,100,1.03,0,32.94,2819.91,2069.19,3000.0
Mumbai,19.076,72.8777,2026-03-21 04:54:11.423713,23.52,44.43,2.26,148.85,4.54,59.65,26.0,57,2.06,30,18.56,142.87,3000.0,1921.7
Pune,18.5204,73.8567,2026-03-21 04:54:15.008134,43.46,75.86,5.43,248.18,7.01,59.87,21.72,58,1.0,44,15.49,1425.74,581.3,2048.67
Nagpur,21.1458,79.0882,2026-03-21 04:54:19.411370,32.08,39.8,12.72,423.86,2.48,34.72,22.0,54,1.64,51,3.1,628.44,3000.0,522.66
Bangalore,12.9716,77.5946,2026-03-21 04:54:22.287578,68.58,79.53,12.6,664.17,2.1,47.01,21.85,81,3.58,119,20.9,366.34,832.89,3479.27
Delhi,28.6139,77.209,2026-03-21 05:54:40.908968,41.02,44.52,11.05,505.75,0.88,21.41,15.07,100,1.03,0,32.94,2819.91,2069.19,3000.0
Mumbai,19.076,72.8777,2026-03-21 05:54:44.800186,23.86,44.16,2.48,153.79,5.25,60.26,25.03,61,1.54,50,18.56,142.87,3000.0,1921.7
Pune,18.5204,73.8567,2026-03-21 05:54:47.872507,44.41,74.67,5.81,262.14,6.81,56.4,21.16,59,1.16,31,15.49,1425.74,581.3,2048.67
Nagpur,21.1458,79.0882,2026-03-21 05:54:52.377846,32.44,40.17,12.5,426.68,2.1,31.36,22.0,56,1.03,40,3.1,628.44,3000.0,522.66
Bangalore,12.9716,77.5946,2026-03-21 05:54:55.040265,70.72,81.95,12.8,670.46,2.38,43.44,21.32,83,2.68,127,20.9,366.34,832.89,3479.27
Delhi,28.6139,77.209,2026-03-21 06:55:14.389211,40.36,43.89,10.64,497.05,0.86,19.76,15.07,100,1.03,0,32.94,2819.91,2069.19,3000.0
Mumbai,19.076,72.8777,2026-03-21 06:55:18.484184,24.44,44.27,2.7,159.98,6.06,61.02,26.0,53,1.54,350,18.56,142.87,3000.0,1921.7
Pune,18.5204,73.8567,2026-03-21 06:55:21.849393,45.59,74.63,6.17,276.39,7.0,54.01,21.16,60,1.14,20,15.49,1425.74,581.3,2048.67
Nagpur,21.1458,79.0882,2026-03-21 06:55:27.493845,32.38,40.47,12.84,431.94,2.03,27.46,20.49,56,2.07,10,3.1,628.44,3000.0,522.66
Bangalore,12.9716,77.5946,2026-03-21 06:55:31.079545,71.08,82.92,14.36,682.69,3.06,41.1,21.19,84,2.68,139,20.9,366.34,832.89,3479.27
Delhi,28.6139,77.209,2026-03-21 07:55:53.278816,40.37,45.23,11.18,514.98,1.05,17.23,16.07,94,1.03,0,32.94,2819.91,2069.19,3000.0
Mumbai,19.076,72.8777,2026-03-21 07:55:57.170048,25.04,44.48,2.96,165.49,6.74,62.25,26.03,53,2.06,10,18.56,142.87,3000.0,1921.7
Pune,18.5204,73.8567,2026-03-21 07:56:00.756000,46.78,75.74,6.64,287.72,8.58,54.4,22.27,59,0.95,27,15.49,1425.74,581.3,2048.67
Nagpur,21.1458,79.0882,2026-03-21 07:56:05.976949,32.33,41.39,13.3,446.38,2.36,24.82,23.0,53,1.54,30,3.1,628.44,3000.0,522.66
Bangalore,12.9716,77.5946,2026-03-21 07:56:29.613006,71.41,84.79,17.82,728.05,4.0,38.36,0.0,0,0.0,0,20.9,366.34,832.89,3479.27
Delhi,28.6139,77.209,2026-03-21 08:57:10.576130,40.57,47.4,9.53,542.77,1.23,22.12,18.07,94,1.03,0,32.94,2819.91,2069.19,3000.0
Mumbai,19.076,72.8777,2026-03-21 08:57:14.876274,25.68,44.68,3.24,170.13,7.3,65.14,26.9,49,3.24,34,18.56,142.87,3000.0,1921.7
Pune,18.5204,73.8567,2026-03-21 08:57:18.357843,47.81,76.75,6.48,293.74,11.28,60.23,26.75,46,2.48,37,15.49,1425.74,581.3,2048.67
Nagpur,21.1458,79.0882,2026-03-21 08:57:23.069568,32.38,42.53,10.98,456.8,2.86,29.33,24.43,45,0.98,61,3.1,628.44,3000.0,522.66
Bangalore,12.9716,77.5946,2026-03-21 08:57:26.243372,73.51,88.2,17.82,776.99,4.44,46.74,24.34,73,5.81,192,20.9,366.34,832.89,3479.27
Delhi,28.6139,77.209,2026-03-21 10:30:55.739920,41.48,49.03,6.17,432.24,2.1,66.71,20.07,83,2.06,260,32.94,2819.91,2069.19,3000.0
Mumbai,19.076,72.8777,2026-03-21 10:30:57.373933,30.69,49.83,3.51,195.75,10.02,84.12,29.01,42,2.06,50,18.56,142.87,3000.0,1921.7
Pune,18.5204,73.8567,2026-03-21 10:30:58.742636,56.09,83.97,4.2,295.68,13.93,100.88,30.05,31,0.45,189,15.49,1425.74,581.3,2048.67
Nagpur,21.1458,79.0882,2026-03-21 10:31:00.553730,33.77,46.0,4.61,299.35,8.28,95.99,26.0,44,2.57,60,3.1,628.44,3000.0,522.66
Bangalore,12.9716,77.5946,2026-03-21 10:31:01.593651,53.42,61.79,4.51,435.37,4.98,133.03,28.16,57,6.26,237,20.9,366.34,832.89,3479.27
Delhi,28.6139,77.209,2026-03-21 11:31:11.033851,49.18,56.47,4.04,401.57,2.37,94.4,22.07,68,1.54,270,32.94,2819.91,2069.19,3000.0
Mumbai,19.076,72.8777,2026-03-21 11:31:12.821077,38.06,58.06,2.86,213.97,11.4,104.07,31.0,35,4.63,60,18.56,142.87,3000.0,1921.7
Pune,18.5204,73.8567,2026-03-21 11:31:14.673719,65.04,91.71,2.65,294.27,14.2,127.01,32.27,23,4.1,47,15.49,1425.74,581.3,2048.67
Nagpur,21.1458,79.0882,2026-03-21 11:31:16.805809,41.37,54.04,3.19,280.66,8.93,116.95,29.83,23,0.68,64,3.1,628.44,3000.0,522.66
Bangalore,12.9716,77.5946,2026-03-21 11:31:18.161813,53.94,61.18,3.2,409.34,4.77,144.59,29.01,51,4.02,243,20.9,366.34,832.89,3479.27
Delhi,28.6139,77.209,2026-03-21 12:16:48.755324,25.19,28.62,0.94,268.16,1.69,117.75,24.07,60,2.57,290,32.94,2819.91,2069.19,3000.0
Mumbai,19.076,72.8777,2026-03-21 12:16:50.472040,46.93,68.04,1.73,227.14,11.88,124.77,30.03,47,3.94,294,18.56,142.87,3000.0,1921.7
Pune,18.5204,73.8567,2026-03-21 12:16:51.928250,59.71,84.48,1.55,246.16,13.2,141.41,32.28,22,0.45,69,15.49,1425.74,581.3,2048.67
Nagpur,21.1458,79.0882,2026-03-21 12:16:53.828180,32.5,46.84,1.35,197.37,7.09,129.61,31.12,25,0.47,138,3.1,628.44,3000.0,522.66
Bangalore,12.9716,77.5946,2026-03-21 12:16:55.086664,52.12,58.16,2.77,382.11,4.36,144.35,29.31,48,2.68,234,20.9,366.34,832.89,3479.27
Delhi,28.6139,77.209,2026-03-21 12:19:16.942053,25.19,28.62,0.94,268.16,1.69,117.75,24.07,60,2.57,290,32.94,2819.91,2069.19,3000.0
Mumbai,19.076,72.8777,2026-03-21 12:19:18.531415,46.93,68.04,1.73,227.14,11.88,124.77,30.03,47,3.94,294,18.56,142.87,3000.0,1921.7
Pune,18.5204,73.8567,2026-03-21 12:19:19.839846,59.71,84.48,1.55,246.16,13.2,141.41,32.28,22,0.45,69,15.49,1425.74,581.3,2048.67
Nagpur,21.1458,79.0882,2026-03-21 12:19:21.478468,32.5,46.84,1.35,197.37,7.09,129.61,31.12,25,0.47,138,3.1,628.44,3000.0,522.66
Bangalore,12.9716,77.5946,2026-03-21 12:19:22.628541,52.12,58.16,2.77,382.11,4.36,144.35,29.31,47,2.57,210,20.9,366.34,832.89,3479.27
Delhi,28.6139,77.209,2026-03-21 12:31:40.242860,25.19,28.62,0.94,268.16,1.69,117.75,24.07,60,2.57,290,32.94,2819.91,2069.19,3000.0
Mumbai,19.076,72.8777,2026-03-21 12:31:42.001833,46.93,68.04,1.73,227.14,11.88,124.77,30.03,47,3.94,294,18.56,142.87,3000.0,1921.7
Pune,18.5204,73.8567,2026-03-21 12:31:43.397031,59.71,84.48,1.55,246.16,13.2,141.41,32.27,22,0.45,69,15.49,1425.74,581.3,2048.67
Nagpur,21.1458,79.0882,2026-03-21 12:31:45.244534,32.5,46.84,1.35,197.37,7.09,129.61,31.12,25,0.47,138,3.1,628.44,3000.0,522.66
Bangalore,12.9716,77.5946,2026-03-21 12:31:46.333748,52.12,58.16,2.77,382.11,4.36,144.35,29.46,46,2.57,210,20.9,366.34,832.89,3479.27
Delhi,28.6139,77.209,2026-03-21 14:12:32.753886,15.69,18.9,0.83,219.54,0.91,120.64,26.07,47,2.57,280,32.94,2819.91,2069.19,3000.0
Mumbai,19.076,72.8777,2026-03-21 14:12:34.493173,54.5,77.61,0.9,232.15,10.24,143.68,33.0,40,6.69,310,18.56,142.87,3000.0,1921.7
Pune,18.5204,73.8567,2026-03-21 14:12:36.233743,63.29,86.75,1.2,237.16,12.74,158.25,30.74,28,1.6,45,15.49,1425.74,581.3,2048.67
Nagpur,21.1458,79.0882,2026-03-21 14:12:38.285081,25.24,39.93,0.93,156.89,4.35,126.87,32.89,18,0.87,357,3.1,628.44,3000.0,522.66
Bangalore,12.9716,77.5946,2026-03-21 14:12:39.818789,46.89,51.76,3.06,346.28,4.15,146.56,30.75,41,2.06,190,20.9,366.34,832.89,3479.27
Delhi,28.6139,77.209,2026-03-21 18:16:53.000000,15.78,21.19,6.71,273.0,1.13,95.34,25.07,47,2.57,280,32.94,2819.91,2069.19,3000.0
Mumbai,19.076,72.8777,2026-03-21 18:16:55.000000,33.51,57.29,0.84,184.61,3.5,114.74,28.76,55,8.96,325,18.56,142.87,3000.0,1921.7
Pune,18.5204,73.8567,2026-03-21 18:16:57.000000,61.02,89.71,2.39,246.02,11.21,180.49,30.74,25,1.85,9,15.49,1425.74,581.3,2048.67
Nagpur,21.1458,79.0882,2026-03-21 18:16:59.000000,20.68,32.62,3.49,166.83,3.89,115.8,30.99,14,2.64,5,3.1,628.44,3000.0,522.66
Bangalore,12.9716,77.5946,2026-03-21 18:17:01.000000,43.71,49.74,8.83,391.92,4.77,143.14,29.35,44,3.09,90,20.9,366.34,832.89,3479.27
Delhi,28.6139,77.209,2026-03-21 18:37:49.000000,15.78,21.19,6.71,273.0,1.13,95.34,25.07,47,2.57,280,32.94,2819.91,2069.19,3000.0
Mumbai,19.076,72.8777,2026-03-21 18:37:51.000000,33.51,57.29,0.84,184.61,3.5,114.74,28.76,55,8.96,325,18.56,142.87,3000.0,1921.7
Pune,18.5204,73.8567,2026-03-21 18:37:52.000000,61.02,89.71,2.39,246.02,11.21,180.49,30.22,24,2.38,333,15.49,1425.74,581.3,2048.67
Nagpur,21.1458,79.0882,2026-03-21 18:37:55.000000,20.68,32.62,3.49,166.83,3.89,115.8,30.99,14,2.64,5,3.1,628.44,3000.0,522.66
Bangalore,12.9716,77.5946,2026-03-21 18:37:56.000000,43.71,49.74,8.83,391.92,4.77,143.14,29.25,45,4.12,90,20.9,366.34,832.89,3479.27
Delhi,28.6139,77.209,2026-03-21 18:50:21.000000,14.65,21.05,6.25,257.73,1.21,98.84,24.07,50,3.09,290,32.94,2819.91,2069.19,3000.0
Mumbai,19.076,72.8777,2026-03-21 18:50:25.000000,32.77,56.99,0.8,167.1,3.94,113.8,28.76,55,8.96,325,18.56,142.87,3000.0,1921.7
Pune,18.5204,73.8567,2026-03-21 18:50:29.000000,61.02,89.71,2.39,246.02,11.21,180.49,30.18,24,2.38,333,15.49,1425.74,581.3,2048.67
Nagpur,21.1458,79.0882,2026-03-21 18:50:34.000000,25.39,39.01,3.36,173.23,4.79,119.72,30.99,14,2.64,5,3.1,628.44,3000.0,522.66
Bangalore,12.9716,77.5946,2026-03-21 18:50:37.000000,47.37,53.72,9.16,389.52,4.85,144.62,29.37,45,4.12,90,20.9,366.34,832.89,3479.27
